{
  "version": 1,
  "author": "André Tritiack",
  "editor": "wokwi",
  "parts": [
    { "type": "wokwi-breadboard", "id": "bb1", "top": 6.6, "left": 137.2, "attrs": {} },
    { "type": "wokwi-arduino-uno", "id": "uno", "top": 10.2, "left": -288.6, "attrs": {} },
    { "type": "wokwi-led", "id": "led1", "top": 25.2, "left": 243.8, "attrs": { "color": "red" } },
    {
      "type": "wokwi-resistor",
      "id": "r1",
      "top": 71.15,
      "left": 268.8,
      "attrs": { "value": "150" }
    },
    {
      "type": "wokwi-led",
      "id": "led2",
      "top": 25.2,
      "left": 320.6,
      "attrs": { "color": "yellow" }
    },
    {
      "type": "wokwi-resistor",
      "id": "r2",
      "top": 71.15,
      "left": 345.6,
      "attrs": { "value": "150" }
    },
    {
      "type": "wokwi-led",
      "id": "led3",
      "top": 25.2,
      "left": 397.4,
      "attrs": { "color": "green" }
    },
    {
      "type": "wokwi-resistor",
      "id": "r3",
      "top": 71.15,
      "left": 422.4,
      "attrs": { "value": "150" }
    },
    {
      "type": "wokwi-resistor",
      "id": "r4",
      "top": 71.15,
      "left": 192,
      "attrs": { "value": "150" }
    },
    { "type": "wokwi-led", "id": "led4", "top": 25.2, "left": 167, "attrs": { "color": "blue" } },
    {
      "type": "wokwi-pushbutton",
      "id": "btn1",
      "top": 85.8,
      "left": 559.8,
      "rotate": 90,
      "attrs": { "color": "black" }
    },
    {
      "type": "wokwi-pushbutton",
      "id": "btn2",
      "top": 85.8,
      "left": 627,
      "rotate": 90,
      "attrs": { "color": "black" }
    },
    {
      "type": "wokwi-pushbutton",
      "id": "btn3",
      "top": 85.8,
      "left": 694.2,
      "rotate": 90,
      "attrs": { "color": "black" }
    },
    {
      "type": "wokwi-pushbutton",
      "id": "btn4",
      "top": 85.8,
      "left": 492.6,
      "rotate": 90,
      "attrs": { "color": "black" }
    },
    { "type": "wokwi-potentiometer", "id": "pot1", "top": 46.7, "left": -0.2, "attrs": {} },
    {
      "type": "wokwi-dht22",
      "id": "dht1",
      "top": 249.9,
      "left": 119.4,
      "attrs": { "temperature": "8.8" }
    }
  ],
  "connections": [
    [ "bb1:11t.e", "bb1:bn.8", "black", [ "v0" ] ],
    [ "bb1:19t.e", "bb1:bn.15", "black", [ "v0" ] ],
    [ "bb1:27t.e", "bb1:bn.21", "black", [ "v0" ] ],
    [ "bb1:3t.e", "bb1:bn.1", "black", [ "v0" ] ],
    [ "bb1:40b.j", "bb1:bn.32", "black", [ "v0" ] ],
    [ "bb1:47b.j", "bb1:bn.38", "black", [ "v0" ] ],
    [ "bb1:54b.j", "bb1:bn.44", "black", [ "v0" ] ],
    [ "bb1:61b.j", "bb1:bn.50", "black", [ "v0" ] ],
    [ "uno:3", "bb1:10t.a", "gray", [ "v-38.4", "h186.4" ] ],
    [ "uno:4", "bb1:18t.a", "gray", [ "v-48", "h272.7" ] ],
    [ "uno:5", "bb1:26t.a", "gray", [ "v-57.6", "h359" ] ],
    [ "uno:6", "bb1:34t.a", "gray", [ "v-67.2", "h454.9" ] ],
    [ "bb1:bn.2", "uno:GND.3", "black", [ "v27.5", "h-187.2" ] ],
    [ "uno:13", "bb1:59t.a", "gray", [ "v-105.6", "h778" ] ],
    [ "bb1:52t.a", "uno:11", "gray", [ "v-134.4", "h-681.6" ] ],
    [ "uno:9", "bb1:45t.a", "gray", [ "v-86.4", "h586.4" ] ],
    [ "uno:7", "bb1:38t.a", "gray", [ "v-76.8", "h493.2" ] ],
    [ "uno:GND.2", "pot1:GND", "black", [ "v38.3", "h176.7" ] ],
    [ "pot1:VCC", "uno:5V", "red", [ "v124.8", "h-206.2" ] ],
    [ "pot1:SIG", "uno:A0", "gold", [ "v115.2", "h-148.2" ] ],
    [ "dht1:VCC", "uno:5V", "red", [ "v38.4", "h-215" ] ],
    [ "dht1:GND", "bb1:bn.5", "black", [ "v38.4", "h106.4" ] ],
    [ "dht1:SDA", "uno:2", "green", [ "v19.2", "h-57.5", "v-393.6", "h-134.4" ] ],
    [ "led1:A", "bb1:12t.b", "", [ "$bb" ] ],
    [ "led1:C", "bb1:11t.b", "", [ "$bb" ] ],
    [ "r1:1", "bb1:12t.c", "", [ "$bb" ] ],
    [ "r1:2", "bb1:18t.c", "", [ "$bb" ] ],
    [ "led2:A", "bb1:20t.b", "", [ "$bb" ] ],
    [ "led2:C", "bb1:19t.b", "", [ "$bb" ] ],
    [ "r2:1", "bb1:20t.c", "", [ "$bb" ] ],
    [ "r2:2", "bb1:26t.c", "", [ "$bb" ] ],
    [ "led3:A", "bb1:28t.b", "", [ "$bb" ] ],
    [ "led3:C", "bb1:27t.b", "", [ "$bb" ] ],
    [ "r3:1", "bb1:28t.c", "", [ "$bb" ] ],
    [ "r3:2", "bb1:34t.c", "", [ "$bb" ] ],
    [ "r4:1", "bb1:4t.c", "", [ "$bb" ] ],
    [ "r4:2", "bb1:10t.c", "", [ "$bb" ] ],
    [ "led4:A", "bb1:4t.b", "", [ "$bb" ] ],
    [ "led4:C", "bb1:3t.b", "", [ "$bb" ] ],
    [ "btn1:1.l", "bb1:47t.c", "", [ "$bb" ] ],
    [ "btn1:2.l", "bb1:45t.c", "", [ "$bb" ] ],
    [ "btn1:1.r", "bb1:47b.h", "", [ "$bb" ] ],
    [ "btn1:2.r", "bb1:45b.h", "", [ "$bb" ] ],
    [ "btn2:1.l", "bb1:54t.c", "", [ "$bb" ] ],
    [ "btn2:2.l", "bb1:52t.c", "", [ "$bb" ] ],
    [ "btn2:1.r", "bb1:54b.h", "", [ "$bb" ] ],
    [ "btn2:2.r", "bb1:52b.h", "", [ "$bb" ] ],
    [ "btn3:1.l", "bb1:61t.c", "", [ "$bb" ] ],
    [ "btn3:2.l", "bb1:59t.c", "", [ "$bb" ] ],
    [ "btn3:1.r", "bb1:61b.h", "", [ "$bb" ] ],
    [ "btn3:2.r", "bb1:59b.h", "", [ "$bb" ] ],
    [ "btn4:1.l", "bb1:40t.c", "", [ "$bb" ] ],
    [ "btn4:2.l", "bb1:38t.c", "", [ "$bb" ] ],
    [ "btn4:1.r", "bb1:40b.h", "", [ "$bb" ] ],
    [ "btn4:2.r", "bb1:38b.h", "", [ "$bb" ] ]
  ],
  "dependencies": {}
}