{
  "version": 1,
  "author": "Anonymous maker",
  "editor": "wokwi",
  "parts": [
    { "type": "wokwi-breadboard", "id": "bb1", "top": -31.8, "left": 31.6, "attrs": {} },
    { "type": "wokwi-arduino-uno", "id": "uno", "top": -28.2, "left": -250.2, "attrs": {} },
    { "type": "wokwi-led", "id": "led1", "top": 6, "left": 167, "attrs": { "color": "yellow" } },
    { "type": "wokwi-led", "id": "led2", "top": 6, "left": 80.6, "attrs": { "color": "green" } },
    { "type": "wokwi-led", "id": "led3", "top": 6, "left": 253.4, "attrs": { "color": "red" } },
    {
      "type": "wokwi-resistor",
      "id": "r1",
      "top": 51.95,
      "left": 105.6,
      "attrs": { "value": "150" }
    },
    {
      "type": "wokwi-resistor",
      "id": "r2",
      "top": 51.95,
      "left": 278.4,
      "attrs": { "value": "150" }
    },
    {
      "type": "wokwi-resistor",
      "id": "r3",
      "top": 51.95,
      "left": 192,
      "attrs": { "value": "150" }
    },
    {
      "type": "wokwi-pushbutton",
      "id": "btn1",
      "top": 47.9,
      "left": 406.7,
      "rotate": 90,
      "attrs": { "color": "black", "xray": "1" }
    },
    {
      "type": "wokwi-resistor",
      "id": "r4",
      "top": 23.15,
      "left": 374.4,
      "attrs": { "value": "10000" }
    },
    {
      "type": "wokwi-pushbutton",
      "id": "btn2",
      "top": 47.9,
      "left": 502.7,
      "rotate": 90,
      "attrs": { "color": "green", "xray": "1" }
    },
    {
      "type": "wokwi-resistor",
      "id": "r5",
      "top": 23.15,
      "left": 470.4,
      "attrs": { "value": "10000" }
    }
  ],
  "connections": [
    [ "uno:GND.2", "bb1:bn.1", "black", [ "v28.7", "h158.3" ] ],
    [ "uno:10", "bb1:30t.a", "red", [ "v-76.8", "h432.7", "v115.2" ] ],
    [ "uno:8", "bb1:21t.a", "gold", [ "v-57.6", "h326.8" ] ],
    [ "uno:6", "bb1:12t.a", "limegreen", [ "v-38.4", "h214.9" ] ],
    [ "uno:4", "bb1:40t.a", "blue", [ "v-96", "h455.1" ] ],
    [ "uno:5V", "bb1:bp.2", "red", [ "v38.3", "h176.6" ] ],
    [ "bb1:42b.j", "bb1:bp.34", "red", [ "v0" ] ],
    [ "bb1:23t.e", "bb1:bn.17", "black", [ "v0" ] ],
    [ "bb1:5t.e", "bb1:bn.3", "black", [ "v0" ] ],
    [ "bb1:14t.e", "bb1:bn.10", "black", [ "v0" ] ],
    [ "bb1:52b.j", "bb1:bp.42", "red", [ "v0" ] ],
    [ "uno:3", "bb1:50t.a", "blue", [ "v-105.6", "h4" ] ],
    [ "bb1:44t.c", "bb1:bn.35", "black", [ "v0" ] ],
    [ "led1:A", "bb1:15t.d", "", [ "$bb" ] ],
    [ "led1:C", "bb1:14t.d", "", [ "$bb" ] ],
    [ "led2:A", "bb1:6t.d", "", [ "$bb" ] ],
    [ "led2:C", "bb1:5t.d", "", [ "$bb" ] ],
    [ "led3:A", "bb1:24t.d", "", [ "$bb" ] ],
    [ "led3:C", "bb1:23t.d", "", [ "$bb" ] ],
    [ "r1:1", "bb1:6t.e", "", [ "$bb" ] ],
    [ "r1:2", "bb1:12t.e", "", [ "$bb" ] ],
    [ "r2:1", "bb1:24t.e", "", [ "$bb" ] ],
    [ "r2:2", "bb1:30t.e", "", [ "$bb" ] ],
    [ "r3:1", "bb1:15t.e", "", [ "$bb" ] ],
    [ "r3:2", "bb1:21t.e", "", [ "$bb" ] ],
    [ "r4:1", "bb1:34t.b", "", [ "$bb" ] ],
    [ "r4:2", "bb1:40t.b", "", [ "$bb" ] ],
    [ "r5:1", "bb1:44t.b", "", [ "$bb" ] ],
    [ "r5:2", "bb1:50t.b", "", [ "$bb" ] ],
    [ "bb1:34t.c", "bb1:bn.26", "black", [ "v0" ] ],
    [ "btn1:1.l", "bb1:42t.c", "", [ "$bb" ] ],
    [ "btn1:2.l", "bb1:40t.c", "", [ "$bb" ] ],
    [ "btn1:1.r", "bb1:42b.h", "", [ "$bb" ] ],
    [ "btn1:2.r", "bb1:40b.h", "", [ "$bb" ] ],
    [ "btn2:1.l", "bb1:52t.c", "", [ "$bb" ] ],
    [ "btn2:2.l", "bb1:50t.c", "", [ "$bb" ] ],
    [ "btn2:1.r", "bb1:52b.h", "", [ "$bb" ] ],
    [ "btn2:2.r", "bb1:50b.h", "", [ "$bb" ] ]
  ],
  "dependencies": {}
}