{
  "version": 1,
  "author": "Mateus Lima",
  "editor": "wokwi",
  "parts": [
    { "type": "wokwi-breadboard-half", "id": "bb1", "top": -12.6, "left": 204.4, "attrs": {} },
    { "type": "wokwi-arduino-uno", "id": "uno", "top": -9, "left": -87, "attrs": {} },
    { "type": "wokwi-led", "id": "led1", "top": 15.6, "left": 263, "attrs": { "color": "blue" } },
    {
      "type": "wokwi-resistor",
      "id": "r2",
      "top": 61.55,
      "left": 288,
      "attrs": { "value": "150" }
    }
  ],
  "connections": [
    [ "uno:GND.3", "bb1:bn.1", "black", [ "v19.1", "h146.4" ] ],
    [ "uno:5V", "bb1:bp.2", "red", [ "v28.7", "h176.6" ] ],
    [ "r2:1", "bb1:7t.d", "", [ "$bb" ] ],
    [ "r2:2", "bb1:13t.d", "", [ "$bb" ] ],
    [ "uno:4", "bb1:13t.a", "limegreen", [ "v-28.8", "h215.1" ] ],
    [ "bb1:bn.5", "bb1:6t.d", "black", [ "v0" ] ],
    [ "led1:A", "bb1:7t.c", "", [ "$bb" ] ],
    [ "led1:C", "bb1:6t.c", "", [ "$bb" ] ]
  ],
  "dependencies": {}
}